{
  "name": "binary-pytrec-style-cutoff",
  "cutoff": 3,
  "qrels": {
    "q1": { "d1": 1, "d2": 0, "d3": 1 },
    "q2": { "d4": 1 }
  },
  "rankings": {
    "q1": ["d2", "d1", "d3"],
    "q2": ["d5", "d4", "d6"]
  },
  "expected": {
    "q1": {
      "ndcg@3": 0.6934264036172708,
      "map@3": 0.5833333333333333,
      "mrr@3": 0.5,
      "recall@3": 1
    },
    "q2": {
      "ndcg@3": 0.6309297535714575,
      "map@3": 0.5,
      "mrr@3": 0.5,
      "recall@3": 1
    },
    "mean": {
      "ndcg@3": 0.6621780785943642,
      "map@3": 0.5416666666666667,
      "mrr@3": 0.5,
      "recall@3": 1
    }
  }
}
