{"learnable":{"initWeights":[0.3333333333333333,0.3333333333333333,0.3333333333333333],"initAveraged":[0.3333333333333333,0.3333333333333333,0.3333333333333333],"combinePlain":0.7533939444035329,"combineBaseRate":0.566969722017664,"fit":{"probs":[[0.9,0.2],[0.8,0.3],[0.2,0.9],[0.3,0.85],[0.6,0.6],[0.1,0.1]],"labels":[1.0,1.0,0.0,0.0,1.0,0.0],"weights":[0.9600765354242592,0.03992346457574083],"combine":0.7044993699640132},"update":{"weights":[0.5652010672919596,0.4347989327080403],"averaged":[0.5023232191689085,0.49767678083109146]}},"attention":{"init":[{"nSignals":2,"nQueryFeatures":1,"seed":0,"weightsMatrix":[-1.309112609844572,-0.07747019738801404]},{"nSignals":2,"nQueryFeatures":1,"seed":1,"weightsMatrix":[0.6299416938172466,-0.3613288931727657]},{"nSignals":2,"nQueryFeatures":3,"seed":42,"weightsMatrix":[-0.16478450679766388,-0.18263933518171144,-0.5516203444310316,-0.46840898154432486,1.2324218160502,-0.2683283485474034]},{"nSignals":4,"nQueryFeatures":2,"seed":7,"weightsMatrix":[-0.2745711419745387,0.31795279722601344,-0.006276365465175158,0.22729390320148382,0.5496619848515902,0.2935688357597354,0.3541126357230883,0.0710125314613743]}],"combineBroadcast":[0.17324111830380645,0.8471783012957672,0.6395506228253339],"combineFull":[0.3066737057596664,0.8471783012957672,0.6395506228253339],"combineSingle":[0.9503192309678552],"combineNormalize":[0.5791932517455811,0.786379216203838,0.7121547714324902],"combineBaseRate":[0.15935778364019107,0.7037754264034133,0.43195392512121045],"fit":{"weightsMatrix":[-0.02440829406728749,-1.3621745131652974],"combine":[0.9471095361030883,0.2385386788281598,0.6395506228253339]},"computeUpperBounds":[0.9659753078431653,0.48875258984295145,0.04395923042257615],"prune":{"surviving":[0],"fused":[0.3066737057596664]}},"multiHead":{"nHeads":4,"combineSingle":[0.9309750690031595],"combineMulti":[0.567989588889615,0.6200935073782734,0.6395506228253339],"fitCombine":[0.946878675728981,0.2377494294539703,0.6395506228253339]},"blockMaxIndex":{"blockSize":3,"matrix":[[1.0,3.0,2.0,5.0,4.0,0.5,2.5],[0.5,0.2,0.8,0.1,0.9,0.3,0.7]],"nBlocks":3,"blockUpperBound":[[3.0,5.0,2.5],[0.8,0.9,0.7]],"bayesianBlockUpperBound00":0.9909618772962007}}
