{"traceBm25":{"likelihood":0.8175744761936437,"tfPrior":0.55,"normPrior":0.78,"compositePrior":0.619,"logitLikelihood":1.5,"logitPrior":0.48530589755789505,"posterior":0.8792456383574068},"traceBm25BaseRate":{"posterior":0.6454301287948502,"logitBaseRate":-1.3862943611198906},"traceVector":{"probability":0.8,"logitProbability":1.3862943611198908},"traceNot":{"complement":0.7,"logitInput":-0.8472978603872036,"logitComplement":0.8472978603872034},"traceFusion":{"logOdds":{"meanLogit":0.8958797346140275,"nAlphaScale":1.4142135623730951,"scaledLogit":1.2669652709463668,"fused":0.7802228097654433,"logits":[1.3862943611198908,0.4054651081081642]},"logOddsWeighted":{"meanLogit":0.6997138840116821,"scaledLogit":0.6997138840116821,"fused":0.6681243335179892},"probAnd":{"logProbSum":-0.7339691750802004,"fused":0.48},"probOr":{"logComplementSum":-2.5257286443082556,"fused":0.92},"probNot":{"fused":0.07999999999999999}},"traceDocument":{"finalA":0.9156053489262458,"finalB":0.5167865944968313},"compare":{"deltas":[{"name":"BM25","delta":0.4562456383574068},{"name":"Vector","delta":0.20000000000000007}],"dominant":"BM25"}}
